56,16
19,6
52,18
24,7
22,22
191,8
25,139
33,55
58,6
19,23
21,4
111,29
19,6
53,18
79,81
129,5
105,6
45,19
34,78
45,6
71,140
50,14
134,57
75,70
22,21
72,15
53,27
20,68
14,32
58,19
122,21
226,3
82,11
43,3
85,32
130,9
164,4
26,112
20,48
25,33
88,8
200,24
30,26
83,16
121,7
38,35
147,5
95,113
37,44
68,71
75,59
43,21
26,19
101,10
56,24
47,7
48,9
153,8
81,23
127,59
84,51
27,25
57,80
63,13
27,11
64,10
84,16
48,30
109,11
79,29
125,12
23,102
22,36
65,47
50,47
51,16
164,48
89,53
40,56
41,6
49,25
73,6
58,60
35,121
30,3
95,23
48,5
89,151
17,8
14,65
26,23
30,2
41,16
53,24
17,25
78,37
232,29
33,4
61,8
73,34
120,17
47,7
76,39
57,172
117,68
94,77
47,4
14,10
147,55
49,33
124,7
14,57
16,111
124,3
54,58
35,12
138,22
86,68
15,57
64,31
95,10
82,42
93,72
137,12
27,70
221,8
17,45
85,25
144,8
36,22
43,13
94,45
41,30
24,14
102,14
60,51
98,18
96,87
23,14
86,28
61,5
120,19
16,33
19,69
123,10
144,82
19,67
186,13
21,70
56,5
16,77
72,2
20,28
70,10
26,14
38,14
71,9
21,25
91,33
42,13
63,43
162,10
144,13
43,53
38,14
63,10
23,67
59,48
129,56
30,64
21,5
18,34
28,4
16,103
39,10
109,63
17,90
22,33
46,3
55,23
120,8
27,23
17,11
108,28
53,46
142,87
131,8
74,8
41,48
28,53
48,14
33,63
27,27
27,33
88,56
20,29
40,2
15,24
69,25
24,42
27,14
35,19
29,25
85,13
112,4
85,5
37,54
130,148
51,58
64,56
71,13
129,27
47,3
37,28
17,23
43,9
42,56
92,85
35,25
99,56
136,15
129,51
23,26
20,14
44,52
22,6
113,18
19,23
263,23
31,4
74,68
102,97
103,36
41,151
28,19
36,8
32,18
24,64
91,12
56,54
46,16
16,45
130,51
148,58
68,18
137,28
141,58
55,49
139,13
89,37
134,95
29,35
71,43
128,61
39,7
84,69
63,136
31,28
134,5
24,7
31,4
23,49
62,18
75,59
22,5
23,14
45,34
70,35
61,31
121,5
65,6
23,14
30,45
46,3
40,30
42,14
30,44
122,24
72,70
49,19
27,23
36,40
75,22
48,44
125,49
25,23
49,26
27,39
255,88
15,48
91,52
75,15
76,34
70,3
16,53
45,9
104,52
295,118
47,86
62,31
15,139
68,6
201,71
115,79
62,32
95,51
31,23
32,97
39,64
91,28
26,59
54,29
25,22
20,77
30,4
89,65
23,79
54,27
187,24
57,34
76,37
30,34
31,104
197,13
34,13
26,3
17,67
48,87
54,7
59,21
74,13
49,29
49,16
16,51
64,2
104,16
75,44
78,30
37,76
14,54
37,93
33,103
36,10
31,58
41,29
81,59
41,4
125,26
36,55
15,71
74,8
91,7
22,48
27,155
90,32
24,17
96,43
27,22
50,70
72,216
39,13
44,144
19,13
33,55
40,26
19,13
73,43
70,173
21,155
64,8
51,9
22,95
141,29
112,38
31,40
39,35
45,10
26,53
87,35
112,62
78,7
60,33
42,7
22,2
25,7
80,8
106,23
111,32
59,8
121,5
14,54
28,3
45,60
151,23
110,29
69,2
144,21
55,17
75,11
25,15
30,12
24,45
15,21
25,5
20,36
166,10
49,15
59,39
61,33
42,21
20,4
42,40
51,49
49,6
61,7
18,132
22,76
65,27
64,39
20,42
30,16
28,19
45,9
15,28
49,10
49,32
104,37
19,24
30,30
34,24
71,38
98,49
89,121
51,107
28,68
81,9
127,16
16,43
73,39
20,6
46,33
71,69
130,13
120,6
21,2
181,19
77,46
46,45
91,21
107,69
84,32
143,33
35,14
38,139
20,18
36,34
175,8
30,6
70,132
154,7
20,2
57,48
33,5
18,3
84,15
15,82
30,18
18,5
42,23
48,9
190,112
52,15
32,94
20,12
41,155
28,157
47,21
26,76
89,40
18,11
32,56
82,63
224,11
175,19
63,17
33,9
22,30
44,44
54,3
87,35
21,24
84,20
17,201
41,46
20,43
140,5
15,7
38,17
117,9
33,7
56,157
38,28
56,28
44,28
20,7
38,3
92,13
122,18
101,53
52,40
18,73
36,5
14,18
25,89
31,168
52,164
46,45
30,13
97,19
23,24
106,147
56,49
121,5
33,64
26,29
63,39
75,7
35,7
32,3
37,26
55,24
67,11
36,30
169,116
21,33
43,4
43,30
72,64
41,15
21,74
15,83
43,7
65,98
78,63
18,6
24,37
48,193
22,53
53,46
48,34
91,59
28,12
15,17
20,77
82,4
35,127
21,13
20,3
86,156
111,7
65,21
274,106
134,23
36,119
33,18
29,18
15,2
32,179
18,3
54,42
19,65
17,11
93,108
54,44
59,14
55,31
15,39
18,22
58,23
15,26
90,30
114,36
111,72
59,4
101,4
75,86
23,16
112,86
26,46
23,46
112,50
40,8
97,10
51,27
64,100
41,55
194,48
29,21
47,20
45,94
26,67
22,39
24,5
163,42
34,70
35,36
109,25
26,72
15,6
28,14
75,80
46,25
21,36
76,47
71,37
45,83
172,24
17,74
22,21
198,15
72,64
20,30
53,13
137,77
31,30
90,3
89,11
43,32
87,28
159,28
35,42
20,93
32,22
90,28
22,58
92,22
76,102
20,7
111,57
148,29
94,76
121,41
45,15
50,163
33,33
32,26
22,5
24,29
31,79
31,3
76,9
53,10
43,59
51,5
52,31
24,9
59,35
151,17
38,18
47,30
136,24
51,10
15,64
123,13
41,24
110,32
113,13
40,12
15,7
77,8
137,147
54,59
75,13
111,37
33,42
59,11
98,104
20,27
206,46
28,128
58,57
137,13
21,49
56,26
44,156
33,6
50,49
49,47
116,36
21,14
176,37
58,38
123,45
26,29
57,30
24,8
99,137
101,18
24,10
137,31
15,2
64,18
29,20
43,35
85,34
149,6
23,7
22,65
69,29
223,46
18,42
128,31
113,17
73,136
32,7
27,14
67,116
53,10
238,13
78,43
215,65
34,9
145,50
149,36
152,156
37,11
83,80
30,23
40,65
22,93
20,20
41,29
42,203
22,61
45,36
53,10
205,2
14,50
85,8
23,3
34,57
34,32
93,7
44,11
61,9
187,16
70,52
57,43
31,35
43,12
17,35
24,50
132,66
114,162
53,32
52,56
46,43
16,25
48,135
24,7
42,13
16,92
27,25
45,59
42,24
16,98
28,73
48,7
27,29
132,77
144,87
77,4
188,67
33,46
78,9
44,8
121,32
54,23
45,5
57,82
15,5
48,49
36,27
55,58
19,25
82,49
31,34
56,8
18,28
18,60
37,43
63,31
235,114
52,22
27,22
41,39
15,2
85,24
50,12
31,24
109,75
79,50
46,36
163,9
33,83
29,48
17,23
16,39
49,44
120,66
16,22
19,69
17,6
97,4
66,42
198,34
65,38
68,30
54,7
38,64
35,39
170,8
23,112
75,42
25,92
76,45
100,16
29,12
99,11
238,89
76,30
106,18
20,19
76,11
33,4
23,15
26,15
24,9
26,13
145,16
50,12
84,5
166,7
70,23
42,17
110,58
63,34
68,29
57,64
56,32
63,6
72,46
90,12
20,117
222,77
101,16
113,6
56,128
30,51
62,44
30,31
26,20
30,53
40,66
59,18
44,28
23,68
42,88
47,44
47,7
42,41
53,4
83,25
99,14
49,69
50,11
52,14
38,77
26,25
98,12
111,107
35,8
133,52
39,21
71,2
164,17
16,63
65,20
81,31
23,11
140,64
203,43
102,43
46,32
101,21
26,39
29,14
93,62
52,47
49,19
19,153
221,75
49,10
16,19
146,23
30,28
16,15
48,188
28,12
173,44
24,4
16,35
27,70
64,3
52,80
59,76
67,55
212,30
17,43
17,43
44,46
85,13
56,43
61,10
18,59
17,77
40,6
105,24
129,24
66,57
28,23
67,26
34,12
40,78
57,41
45,9
58,49
104,13
32,43
17,82
92,5
22,32
182,105
36,25
18,39
66,149
51,18
17,43
202,5
135,64
37,48
21,41
62,38
58,30
70,37
14,10
93,77
86,60
66,87
21,6
85,3
133,62
62,14
32,52
137,28
44,26
67,125
108,144
46,18
22,95
64,4
43,70
50,31
17,54
45,20
46,31
14,38
46,61
18,9
82,44
58,16
14,72
58,3
19,25
210,27
110,14
31,5
19,24
16,44
22,85
37,12
34,22
26,19
60,11
93,4
45,61
68,59
65,20
86,7
86,26
